shape,n,algo,ms,compares,moves,depth,extra_bytes,stable
random,20000,quickSort,1.9139,389601,214794,9,0,0
random,20000,mergeSort,1.9134,260962,574464,15,160000,1
random,20000,combSort,1.9073,673399,404766,0,0,0
sorted,20000,quickSort,0.2318,270864,35424,13,0,1
sorted,20000,mergeSort,0.4337,139216,574464,15,160000,1
sorted,20000,combSort,0.3981,613402,0,0,0,1
reversed,20000,quickSort,0.2316,270878,65424,13,0,1
reversed,20000,mergeSort,0.6492,148016,574464,15,160000,1
reversed,20000,combSort,0.6005,633401,127902,0,0,1
dups,20000,quickSort,0.9299,294333,347184,12,0,0
dups,20000,mergeSort,1.4941,255717,574464,15,160000,1
dups,20000,combSort,0.8033,633401,99456,0,0,0
grow,1000,quickSort,0.0444,12872,7872,8,0,0
grow,1000,mergeSort,0.0590,8654,19952,10,8000,1
grow,1000,combSort,0.0567,22703,12819,0,0,0
grow,2000,quickSort,0.1196,28001,17187,8,0,0
grow,2000,mergeSort,0.1356,19408,43904,11,16000,1
grow,2000,combSort,0.1697,49371,29136,0,0,0
grow,4000,quickSort,0.2711,62164,37149,9,0,0
grow,4000,mergeSort,0.3873,42773,95808,12,32000,1
grow,4000,combSort,0.2949,114715,67503,0,0,0
grow,8000,quickSort,0.6219,143331,78267,9,0,0
grow,8000,mergeSort,0.6769,93573,207616,13,64000,1
grow,8000,combSort,0.6536,245380,145503,0,0,0
grow,16000,quickSort,1.3682,292585,170469,9,0,0
grow,16000,mergeSort,1.4670,203199,447232,14,128000,1
grow,16000,combSort,1.3298,522739,317205,0,0,0
grow,32000,quickSort,2.6783,646620,362094,10,0,0
grow,32000,mergeSort,3.2338,438598,958464,15,256000,1
grow,32000,combSort,3.1392,1141400,696345,0,0,0
grow,64000,quickSort,5.6261,1366056,767919,11,0,0
grow,64000,mergeSort,6.9282,941167,2044928,16,512000,1
grow,64000,combSort,7.1685,2474732,1480482,0,0,0
